"","Name","Title","Hub","Pathname","Description"
"MiniACEDPM","MiniACEDPM","",NA,"miniACEDPnet.dne",""
"tCommonRatio1aEM","tCommonRatio1aEM","tCommonRatio1a","MiniACEDPM","tCommonRatio1aEM.dne",""
"tCommonRatio1bEM","tCommonRatio1bEM","tCommonRatio1b","MiniACEDPM","tCommonRatio1bEM.dne",""
"tCommonRatio2aEM","tCommonRatio2aEM","tCommonRatio2a","MiniACEDPM","tCommonRatio2aEM.dne",""
"tCommonRatio2bEM","tCommonRatio2bEM","tCommonRatio2b","MiniACEDPM","tCommonRatio2bEM.dne",""
"tCommonRatio3aEM","tCommonRatio3aEM","tCommonRatio3a","MiniACEDPM","tCommonRatio3aEM.dne",""
"tCommonRatio3bEM","tCommonRatio3bEM","tCommonRatio3b","MiniACEDPM","tCommonRatio3bEM.dne",""
"tExamplesGeometric1aEM","tExamplesGeometric1aEM","tExamplesGeometric1a","MiniACEDPM","tExamplesGeometric1aEM.dne",""
"tExamplesGeometric1bEM","tExamplesGeometric1bEM","tExamplesGeometric1b","MiniACEDPM","tExamplesGeometric1bEM.dne",""
"tExamplesGeometric2aEM","tExamplesGeometric2aEM","tExamplesGeometric2a","MiniACEDPM","tExamplesGeometric2aEM.dne",""
"tExamplesGeometric2bEM","tExamplesGeometric2bEM","tExamplesGeometric2b","MiniACEDPM","tExamplesGeometric2bEM.dne",""
"tExamplesGeometric3aEM","tExamplesGeometric3aEM","tExamplesGeometric3a","MiniACEDPM","tExamplesGeometric3aEM.dne",""
"tExamplesGeometric3bEM","tExamplesGeometric3bEM","tExamplesGeometric3b","MiniACEDPM","tExamplesGeometric3bEM.dne",""
"tExtendGeometric1aEM","tExtendGeometric1aEM","tExtendGeometric1a","MiniACEDPM","tExtendGeometric1aEM.dne",""
"tExtendGeometric1bEM","tExtendGeometric1bEM","tExtendGeometric1b","MiniACEDPM","tExtendGeometric1bEM.dne",""
"tExtendGeometric2aEM","tExtendGeometric2aEM","tExtendGeometric2a","MiniACEDPM","tExtendGeometric2aEM.dne",""
"tExtendGeometric2bEM","tExtendGeometric2bEM","tExtendGeometric2b","MiniACEDPM","tExtendGeometric2bEM.dne",""
"tExtendGeometric3aEM","tExtendGeometric3aEM","tExtendGeometric3a","MiniACEDPM","tExtendGeometric3aEM.dne",""
"tExtendGeometric3bEM","tExtendGeometric3bEM","tExtendGeometric3b","MiniACEDPM","tExtendGeometric3bEM.dne",""
"tTableExtendGeometric1aEM","tTableExtendGeometric1aEM","tTableExtendGeometric1a","MiniACEDPM","tTableExtendGeometric1aEM.dne",""
"tTableExtendGeometric1bEM","tTableExtendGeometric1bEM","tTableExtendGeometric1b","MiniACEDPM","tTableExtendGeometric1bEM.dne",""
"tTableExtendGeometric2aEM","tTableExtendGeometric2aEM","tTableExtendGeometric2a","MiniACEDPM","tTableExtendGeometric2aEM.dne",""
"tTableExtendGeometric2bEM","tTableExtendGeometric2bEM","tTableExtendGeometric2b","MiniACEDPM","tTableExtendGeometric2bEM.dne",""
"tTableExtendGeometric3aEM","tTableExtendGeometric3aEM","tTableExtendGeometric3a","MiniACEDPM","tTableExtendGeometric3aEM.dne",""
"tTableExtendGeometric3bEM","tTableExtendGeometric3bEM","tTableExtendGeometric3b","MiniACEDPM","tTableExtendGeometric3bEM.dne",""
"tModelExtendTableGeometric1aEM","tModelExtendTableGeometric1aEM","tModelExtendTableGeometric1a","MiniACEDPM","tModelExtendTableGeometric1aEM.dne",""
"tModelExtendTableGeometric1bEM","tModelExtendTableGeometric1bEM","tModelExtendTableGeometric1b","MiniACEDPM","tModelExtendTableGeometric1bEM.dne",""
"tModelExtendTableGeometric2aEM","tModelExtendTableGeometric2aEM","tModelExtendTableGeometric2a","MiniACEDPM","tModelExtendTableGeometric2aEM.dne",""
"tModelExtendTableGeometric2bEM","tModelExtendTableGeometric2bEM","tModelExtendTableGeometric2b","MiniACEDPM","tModelExtendTableGeometric2bEM.dne",""
"tModelExtendTableGeometric3aEM","tModelExtendTableGeometric3aEM","tModelExtendTableGeometric3a","MiniACEDPM","tModelExtendTableGeometric3aEM.dne",""
"tModelExtendTableGeometric3bEM","tModelExtendTableGeometric3bEM","tModelExtendTableGeometric3b","MiniACEDPM","tModelExtendTableGeometric3bEM.dne",""
